[
	{
		//East Cave
		"name": "East Cave",
		"access_rules": ["$canMaybeReach|leaf, [$canReach|leaf], $canOpenChest"],
		"force_invisibility_rules": ["flag_vm", "flag_vbangm"],
		"children": [
			//Overview with consumables
			{
				"name": "East Cave",
				"access_rules": [""],
				"sections": [
					{
						"name": "East Cave Items",
						"item_count": 2,
						"clear_as_group": "false"
					}
				],
				"map_locations": [
					{
						"map": "map_overworld",
						"x": 275,
						"y": 1400,
						"size": 90,
						"force_invisibility_rules": ["flag_eu", "flag_vm", "flag_vbangm"]
					}
				],
			},
			//Overview without consumables
			{
				"name": "East Cave",
				"access_rules": [""],
				"sections": [
					{
						"name": "East Cave Items",
						"item_count": 1,
						"clear_as_group": "false"
					}
				],
				"map_locations": [
					{
						"map": "map_overworld",
						"x": 275,
						"y": 1400,
						"size": 90,
						"force_invisibility_rules": ["$negate|flag_eu", "flag_vm", "flag_vbangm"]
					}
				],
			},
			{
				"name": "East Cave",
				"access_rules": [ "" ],
				"sections": [
					{
						"name": "Key Item",
						"item_count": 1
					}
				],
				"map_locations": [
					{
						"map": "map_east_cave",
						"x": 535,
						"y": 60,
						"force_invisibility_rules": ["flag_vm", "flag_vbangm"]
					}
				]
			},
			{
				"name": "East Cave",
				"access_rules": [ "" ],
				"sections": [
					{
						"name": "Consumable Item",
						"item_count": 1
					}
				],
				"map_locations": [
					{
						"map": "map_east_cave",
						"x": 335,
						"y": 25,
						"force_invisibility_rules": ["flag_eu", "flag_vm", "flag_vbangm"]
					}
				]
			},
		]
	}
]