[
	{
		//East Cave
		"name": "East Cave",
		"access_rules": ["$canMaybeReach|leaf, [$canReach|leaf], $canOpenChest"],
		"force_invisibility_rules": ["flag_vm", "flag_vbangm"],
		"children": [
	
			{
				"name": "East Cave: Key Item",
				"access_rules": [ "" ],
				"sections": [
					{
						"name": "Key Item",
						"item_count": 1
					}
				],
				"map_locations": [
					{
						"map": "map_east_cave",
						"x": 535,
						"y": 60,
						"force_invisibility_rules": [ "flag_vm", "flag_vbangm" ]
					},
					{
						"map": "map_overworld",
						"x": 300,
						"y": 1400,
						"size": 60,
						"force_invisibility_rules": [ "flag_vm", "flag_vbangm" ]
					}
				]
			},
			{
				"name": "East Cave: Consumable",
				"access_rules": [ "" ],
				"sections": [
					{
						"name": "Consumable Item",
						"item_count": 1
					}
				],
				"map_locations": [
					{
						"map": "map_east_cave",
						"x": 335,
						"y": 25,
						"force_invisibility_rules": [ "flag_eu", "flag_vm", "flag_vbangm" ]
					},
					{
						"map": "map_overworld",
						"x": 250,
						"y": 1400,
						"size": 60,
						"force_invisibility_rules": [ "flag_eu", "flag_vm", "flag_vbangm" ]
					}
				]
			},
		]
	}
]