[
	{
		//Evil Spirit Island
		"name": "Evil Spirit Island",
		"access_rules": [
			"$negate|flag_wm, $canMaybeReach|joel, [$canReach|joel], $canMaybeUseShellFlute, [$canUseShellFlute], $canCrossRivers, $canMaybeBreakEvilSpiritIslandWalls, [$canBreakEvilSpiritIslandWalls]",
			"$negate|flag_wm, $canMaybeReach|joel, [$canReach|joel], flight, flag_gt, $canCrossRivers, $canMaybeBreakEvilSpiritIslandWalls, [$canBreakEvilSpiritIslandWalls]",
			"$canMaybeReach|zombie, [$canReach|zombie], $canOpenChest",
			"flag_wm, $canMaybeReach|joel, [$canReach|joel], $canMaybeUseShellFlute, [$canUseShellFlute], $canOpenChest",
			"flag_wm, $canMaybeReach|joel, [$canReach|joel], flight, flag_gt, $canOpenChest"
		],
		"children": [
			//Overview with consumables and mimics
			{
				"name": "Evil Spirit Island",
				"access_rules": ["[$canCrossRivers], [$canBreakEvilSpiritIslandWalls]"],
				"sections": [
					{
						"name": "Evil Spirit Island Items",
						"item_count": 4,
						"clear_as_group": "false"
					}
				],
				"map_locations": [
					{
						"map": "map_overworld",
						"x": 840,
						"y": 520,
						"size": 90,
						"force_invisibility_rules": ["flag_eu", "flag_et"]
					}
				],
			},
			//Overview without mimics
			{
				"name": "Evil Spirit Island",
				"access_rules": ["[$canCrossRivers], [$canBreakEvilSpiritIslandWalls]"],
				"sections": [
					{
						"name": "Evil Spirit Island Items",
						"item_count": 3,
						"clear_as_group": "false"
					}
				],
				"map_locations": [
					{
						"map": "map_overworld",
						"x": 840,
						"y": 520,
						"size": 90,
						"force_invisibility_rules": ["$negate|flag_et", "flag_eu"]
					}
				],
			},
			//Overview without consumables
			{
				"name": "Evil Spirit Island",
				"access_rules": ["$canCrossRivers, $canMaybeBreakEvilSpiritIslandWalls, [$canBreakEvilSpiritIslandWalls]"],
				"sections": [
					{
						"name": "Evil Spirit Island Items",
						"item_count": 1,
						"clear_as_group": "false"
					}
				],
				"map_locations": [
					{
						"map": "map_overworld",
						"x": 840,
						"y": 520,
						"size": 90,
						"force_invisibility_rules": ["$negate|flag_eu"]
					}
				],
			},
			//Magic Ring
			{
				"name": "Evil Spirit Island",
				"access_rules": [
					"$negate|flag_wm, $canMaybeBreakEvilSpiritIslandWalls, [$canBreakEvilSpiritIslandWalls]",
					"flag_wm, $canReach|zombie, d_evilspirit2, [$canCrossRivers], [$canBreakEvilSpiritIslandWalls]",
					"flag_wm, $canReach|joel, [$canBreakEvilSpiritIslandWalls], [$canCrossRivers]",
					"flag_wm, $canBreakEvilSpiritIslandWalls, $canCrossRivers"
				],
				"sections": [
					{
						"name": "Magic Ring",
						"item_count": 1
					}
				],
				"map_locations": [
					{
						"map": "map_evil_spirit_island",
						"x": 351,
						"y": 45,
						"force_invisibility_rules": ["flag_eu"]
					}
				]
			},
			//Iron Necklace
			{
				"name": "Evil Spirit Island",
				"access_rules": [
					"$negate|flag_wm, $canMaybeBreakEvilSpiritIslandWalls, [$canBreakEvilSpiritIslandWalls], $canCrossRivers",
					"flag_wm, d_evilspirit3, [$canCrossRivers]",
					"flag_wm, $canBreakEvilSpiritIslandWalls, $canCrossRivers"
				],
				"sections": [
					{
						"name": "Iron Necklace",
						"item_count": 1
					}
				],
				"map_locations": [
					{
						"map": "map_evil_spirit_island",
						"x": 460,
						"y": 55
					}
				]
			},
			//Mimic
			{
				"name": "Evil Spirit Island",
				"access_rules": [
					"$negate|flag_wm, $canMaybeBreakEvilSpiritIslandWalls, [$canBreakEvilSpiritIslandWalls]",
					"flag_wm, d_evilspirit3, [$canCrossRivers]",
					"flag_wm, $canBreakEvilSpiritIslandWalls, $canCrossRivers"
				],
				"sections": [
					{
						"name": "Mimic",
						"item_count": 1
					}
				],
				"map_locations": [
					{
						"map": "map_evil_spirit_island",
						"x": 490,
						"y": 55,
						"force_invisibility_rules": ["flag_eu", "flag_et"]
					}
				]
			},
			//Lysis Plant
			{
				"name": "Evil Spirit Island",
				"access_rules": [
					"$negate|flag_wm",
					"flag_wm, $canReach|zombie, [$canBreakEvilSpiritIslandWalls]",
					"flag_wm, $canReach|joel, d_evilspirit2, [$canBreakEvilSpiritIslandWalls], [$canCrossRivers]",
					"flag_wm, $canBreakEvilSpiritIslandWalls, $canCrossRivers"
				],
				"sections": [
					{
						"name": "Lysis Plant",
						"item_count": 1
					}
				],
				"map_locations": [
					{
						"map": "map_evil_spirit_island",
						"x": 815,
						"y": 230,
						"force_invisibility_rules": ["flag_eu"]
					}
				]
			},
			//Door Locations
			{
				"name": "Evil Spirit Island",
				"access_rules": [
					"$negate|d_evilspirit1_blocked, d_evilspirit2"
				],
				"sections": [
					{
						"name": "Exit to Angry Sea",
						"item_count": 0,
						"hosted_item": "d_evilspirit1",
					}
				],
				"map_locations": [
					{
						"map": "map_evil_spirit_island",
						"x": 158,
						"y": 350,
						"force_invisibility_rules": [
							"$negate|flag_wm",
							"$canBreakEvilSpiritIslandWalls, $canCrossRivers",
							"$canReach|joel, $canUseShellFlute",
							"$canReach|joel, flight, flag_gt"
						]
					}
				]
			},
			{
				"name": "Evil Spirit Island",
				"access_rules": [
					"$negate|d_evilspirit2_blocked"
				],
				"sections": [
					{
						"name": "Door Between Floors",
						"item_count": 0,
						"hosted_item": "d_evilspirit2",
					}
				],
				"map_locations": [
					{
						"map": "map_evil_spirit_island",
						"x": 200,
						"y": 45,
						"force_invisibility_rules": [
							"$negate|flag_wm",
							"$canBreakEvilSpiritIslandWalls, $canCrossRivers",
							"$canReach|zombie"
						]
					},
					{
						"map": "map_evil_spirit_island",
						"x": 738,
						"y": 100,
						"force_invisibility_rules": [
							"$negate|flag_wm",
							"$canBreakEvilSpiritIslandWalls, $canCrossRivers",
							"$negate|d_evilspirit2_blocked, $canReach|joel, $canUseShellFlute",
							"$negate|d_evilspirit2_blocked, $canReach|joel, flight, flag_gt"
						]
					},
					{
						"map": "map_evil_spirit_island",
						"x": 880,
						"y": 140,
						"force_invisibility_rules": [
							"$negate|flag_wm",
							"$canBreakEvilSpiritIslandWalls, $canCrossRivers",
							"$negate|d_evilspirit2_blocked, $canReach|joel, $canUseShellFlute",
							"$negate|d_evilspirit2_blocked, $canReach|joel, flight, flag_gt",
						]
					},
				]
			},
			{
				"name": "Evil Spirit Island",
				"access_rules": [
					"$negate|d_evilspirit3_blocked, $canReach|zombie",
					"$negate|d_evilspirit3_blocked, d_evilspirit2, $canReach|joel, $canUseShellFlute",
					"$negate|d_evilspirit3_blocked, d_evilspirit2, $canReach|joel, flight, flag_gt"
				],
				"sections": [
					{
						"name": "Door to Chest Room",
						"item_count": 0,
						"hosted_item": "d_evilspirit3",
					}
				],
				"map_locations": [
					{
						"map": "map_evil_spirit_island",
						"x": 600,
						"y": 100,
						"force_invisibility_rules": [
							"$negate|flag_wm",
							"$canBreakEvilSpiritIslandWalls, $canCrossRivers"
						]
					}
				]
			},
			{
				"name": "Evil Spirit Island",
				"access_rules": ["$negate|d_evilspirit4_blocked, d_evilspirit2"],
				"sections": [
					{
						"name": "Exit to Zombie Town",
						"item_count": 0,
						"hosted_item": "d_evilspirit4",
					}
				],
				"map_locations": [
					{
						"map": "map_evil_spirit_island",
						"x": 770,
						"y": 350,
						"force_invisibility_rules": [
							"$negate|flag_wm",
							"$canBreakEvilSpiritIslandWalls, $canCrossRivers",
							"$canReach|zombie"
						]
					}
				]
			},
		]
	}
]