[
	{
		//Pyramid Back
		"name": "Pyramid Back",
		"access_rules": ["$canMaybeReach|sahara, [$canReach|sahara], flight, moon, sun"],
		"children": [
			//Overview with mimics
			{
				"name": "Pyramid Back",
				"access_rules": ["[flight]"],
				"sections": [
					{
						"name": "Pyramid Back Items",
						"item_count": 2,
						"clear_as_group": "false"
					},
				],
				"map_locations": [
					{
						"map": "map_overworld",
						"x": 660,
						"y": 290,
						"size": 90,
						"force_invisibility_rules": ["flag_et", "flag_eu"]
					}
				],
			},
			//Overview without mimics
			{
				"name": "Pyramid Back",
				"access_rules": ["[flight]"],
				"sections": [
					{
						"name": "Pyramid Back Item",
						"item_count": 1,
						"clear_as_group": "false"
					},
				],
				"map_locations": [
					{
						"map": "map_overworld",
						"x": 660,
						"y": 290,
						"size": 90,
						"force_invisibility_rules": ["$negate|flag_et", "flag_eu"]
					}
				],
			},
			//Mimic
			{
				"name": "Pyramid Back",
				"access_rules": [""],
				"sections": [
					{
						"name": "Mimic",
						"item_count": 1,
						"clear_as_group": "false"
					}
				],
				"map_locations": [
					{
						"map": "map_pyramid_back",
						"x": 81,
						"y": 50,
						"force_invisibility_rules": ["flag_et", "flag_eu"]
					}
				],
			},
			//Opel Statue
			{
				"name": "Pyramid Back",
				"access_rules": [""],
				"sections": [
					{
						"name": "Opel Statue",
						"item_count": 1,
						"clear_as_group": "false"
					}
				],
				"map_locations": [
					{
						"map": "map_pyramid_back",
						"x": 450,
						"y": 590,
						"force_invisibility_rules": ["flag_eu"]
					}
				],
			},
		]
	}
]