[
	{
		//Pyramid Front
		"name": "Pyramid Front",
		"access_rules": ["$canMaybeReach|sahara, [$canReach|sahara], flight"],
		"children": [
			//Overview with consumables
			{
				"name": "Pyramid Front",
				"access_rules": [
					"[$hasAnySword], [flag_nw]",
					"[$hasAnyLevelTwo]"
				],
				"sections": [
					{
						"name": "Pyramid Front Items",
						"item_count": 3,
						"clear_as_group": "false"
					}
				],
				"map_locations": [
					{
						"map": "map_overworld",
						"x": 650,
						"y": 490,
						"size": 90,
						"force_invisibility_rules": ["flag_eu", "$pryamidFrontIsCleared"]
					}
				],
			},
			//Overview without consumables
			{
				"name": "Pyramid Front",
				"access_rules": [
					"$hasAnySword, flag_nw",
					"$hasAnyLevelTwo"
				],
				"sections": [
					{
						"name": "Pyramid Front Items",
						"item_count": 2,
						"clear_as_group": "false"
					}
				],
				"map_locations": [
					{
						"map": "map_overworld",
						"x": 650,
						"y": 490,
						"size": 90,
						"force_invisibility_rules": ["$negate|flag_eu", "$pryamidFrontIsCleared"]
					}
				],
			},
			//Magic Ring
			{
				"name": "Pyramid Front",
				"access_rules": [""],
				"sections": [
					{
						"name": "Magic Ring",
						"item_count": 1
					}
				],
				"map_locations": [
					{
						"map": "map_pyramid_front",
						"x": 190,
						"y": 120,
						"force_invisibility_rules": ["flag_eu"]
					}
				]
			},
			//Bow Of Truth/Psycho Armor
			{
				"name": "Pyramid Front",
				"access_rules": [
					"$hasAnySword, flag_nw",
					"$hasAnyLevelTwo"
				],
				"sections": [
					{
						"name": "Bow of Truth + Psycho Armor",
						"item_count": 2
					}
				],
				"map_locations": [
					{
						"map": "map_pyramid_front",
						"x": 190,
						"y": 310
					}
				]
			},
			//Door Locations
			{
				"name": "Pyramid Front",
				"access_rules": [""],
				"sections": [
					{
						"name": "Door 1",
						"item_count": 1,
						"chest_opened_img": "images/blank.png",
						"chest_unopened_img": "images/blank.png",
					}
				],
				"map_locations": [
					{
						"map": "map_pyramid_front",
						"x": 18,
						"y": 165,
						"force_invisibility_rules": [
							"$negate|flag_wm",
							"$pryamidFrontIsCleared"
						]
					}
				]
			},
			{
				"name": "Pyramid Front",
				"access_rules": [""],
				"sections": [
					{
						"name": "Door 2",
						"item_count": 1,
						"chest_opened_img": "images/blank.png",
						"chest_unopened_img": "images/blank.png",
					}
				],
				"map_locations": [
					{
						"map": "map_pyramid_front",
						"x": 18,
						"y": 225,
						"force_invisibility_rules": [
							"$negate|flag_wm",
							"$pryamidFrontIsCleared"
						]
					}
				]
			},
			{
				"name": "Pyramid Front",
				"access_rules": [""],
				"sections": [
					{
						"name": "Door 3",
						"item_count": 1,
						"chest_opened_img": "images/blank.png",
						"chest_unopened_img": "images/blank.png",
					}
				],
				"map_locations": [
					{
						"map": "map_pyramid_front",
						"x": 18,
						"y": 285,
						"force_invisibility_rules": [
							"$negate|flag_wm",
							"$pryamidFrontIsCleared"
						]
					}
				]
			},
			{
				"name": "Pyramid Front",
				"access_rules": [""],
				"sections": [
					{
						"name": "Door 4",
						"item_count": 1,
						"chest_opened_img": "images/blank.png",
						"chest_unopened_img": "images/blank.png",
					}
				],
				"map_locations": [
					{
						"map": "map_pyramid_front",
						"x": 18,
						"y": 345,
						"force_invisibility_rules": [
							"$negate|flag_wm",
							"$pryamidFrontIsCleared"
						]
					}
				]
			},
			{
				"name": "Pyramid Front",
				"access_rules": [""],
				"sections": [
					{
						"name": "Door 5",
						"item_count": 1,
						"chest_opened_img": "images/blank.png",
						"chest_unopened_img": "images/blank.png",
					}
				],
				"map_locations": [
					{
						"map": "map_pyramid_front",
						"x": 126,
						"y": 440,
						"force_invisibility_rules": [
							"$negate|flag_wm",
							"$pryamidFrontIsCleared"
						]
					}
				]
			},
			{
				"name": "Pyramid Front",
				"access_rules": [""],
				"sections": [
					{
						"name": "Door 6",
						"item_count": 1,
						"chest_opened_img": "images/blank.png",
						"chest_unopened_img": "images/blank.png",
					}
				],
				"map_locations": [
					{
						"map": "map_pyramid_front",
						"x": 190,
						"y": 440,
						"force_invisibility_rules": [
							"$negate|flag_wm",
							"$pryamidFrontIsCleared"
						]
					}
				]
			},
			{
				"name": "Pyramid Front",
				"access_rules": [""],
				"sections": [
					{
						"name": "Door 7",
						"item_count": 1,
						"chest_opened_img": "images/blank.png",
						"chest_unopened_img": "images/blank.png",
					}
				],
				"map_locations": [
					{
						"map": "map_pyramid_front",
						"x": 254,
						"y": 440,
						"force_invisibility_rules": [
							"$negate|flag_wm",
							"$pryamidFrontIsCleared"
						]
					}
				]
			},
			{
				"name": "Pyramid Front",
				"access_rules": [""],
				"sections": [
					{
						"name": "Door 8",
						"item_count": 1,
						"chest_opened_img": "images/blank.png",
						"chest_unopened_img": "images/blank.png",
					}
				],
				"map_locations": [
					{
						"map": "map_pyramid_front",
						"x": 362,
						"y": 325,
						"force_invisibility_rules": [
							"$negate|flag_wm",
							"$pryamidFrontIsCleared"
						]
					}
				]
			},
			{
				"name": "Pyramid Front",
				"access_rules": [""],
				"sections": [
					{
						"name": "Door 9",
						"item_count": 1,
						"chest_opened_img": "images/blank.png",
						"chest_unopened_img": "images/blank.png",
					}
				],
				"map_locations": [
					{
						"map": "map_pyramid_front",
						"x": 362,
						"y": 265,
						"force_invisibility_rules": [
							"$negate|flag_wm",
							"$pryamidFrontIsCleared"
						]
					}
				]
			},
			{
				"name": "Pyramid Front",
				"access_rules": [""],
				"sections": [
					{
						"name": "Door 10",
						"item_count": 1,
						"chest_opened_img": "images/blank.png",
						"chest_unopened_img": "images/blank.png",
					}
				],
				"map_locations": [
					{
						"map": "map_pyramid_front",
						"x": 362,
						"y": 205,
						"force_invisibility_rules": [
							"$negate|flag_wm",
							"$pryamidFrontIsCleared"
						]
					}
				]
			},
			{
				"name": "Pyramid Front",
				"access_rules": [""],
				"sections": [
					{
						"name": "Door 11",
						"item_count": 1,
						"chest_opened_img": "images/blank.png",
						"chest_unopened_img": "images/blank.png",
					}
				],
				"map_locations": [
					{
						"map": "map_pyramid_front",
						"x": 362,
						"y": 145,
						"force_invisibility_rules": [
							"$negate|flag_wm",
							"$pryamidFrontIsCleared"
						]
					}
				]
			},
			{
				"name": "Pyramid Front",
				"access_rules": [""],
				"sections": [
					{
						"name": "Door 12",
						"item_count": 1,
						"chest_opened_img": "images/blank.png",
						"chest_unopened_img": "images/blank.png",
					}
				],
				"map_locations": [
					{
						"map": "map_pyramid_front",
						"x": 254,
						"y": 50,
						"force_invisibility_rules": [
							"$negate|flag_wm",
							"$pryamidFrontIsCleared"
						]
					}
				]
			},
			{
				"name": "Pyramid Front",
				"access_rules": [""],
				"sections": [
					{
						"name": "Door 13",
						"item_count": 1,
						"chest_opened_img": "images/blank.png",
						"chest_unopened_img": "images/blank.png",
					}
				],
				"map_locations": [
					{
						"map": "map_pyramid_front",
						"x": 190,
						"y": 185,
						"force_invisibility_rules": [
							"$negate|flag_wm",
							"$pryamidFrontIsCleared"
						]
					}
				]
			},
			{
				"name": "Pyramid Front",
				"access_rules": [""],
				"sections": [
					{
						"name": "Door 14",
						"item_count": 1,
						"chest_opened_img": "images/blank.png",
						"chest_unopened_img": "images/blank.png",
					}
				],
				"map_locations": [
					{
						"map": "map_pyramid_front",
						"x": 126,
						"y": 50,
						"force_invisibility_rules": [
							"$negate|flag_wm",
							"$pryamidFrontIsCleared"
						]
					}
				]
			},
			{
				"name": "Pyramid Front",
				"access_rules": [""],
				"sections": [
					{
						"name": "Door 15",
						"item_count": 1,
						"chest_opened_img": "images/blank.png",
						"chest_unopened_img": "images/blank.png",
					}
				],
				"map_locations": [
					{
						"map": "map_pyramid_front",
						"x": 190,
						"y": 340,
						"force_invisibility_rules": [
							"$negate|flag_wm",
							"$pryamidFrontIsCleared"
						]
					}
				]
			},
		]
	}
]