[
	{
		//Sabera's Fortress
		"name": "Sabera's Fortress",
		"access_rules": ["$canMaybeReach|zombie, [$canReach|zombie], $canOpenChest"],
		"children": [
	
			//Vampire Reward
			{
				"name": "Sabera's Fortress: Vampire2",
				"access_rules": [ "$canMaybeKillVampire2, [$canKillVampire2]" ],
				"sections": [
					{
						"name": "Vampire Reward",
						"item_count": 1,
						"hosted_item": "vampire_cleared"
					}
				],
				"map_locations": [
					{
						"map": "map_saberas_fortress",
						"x": 405,
						"y": 450
					},
					{
						"map": "map_overworld",
						"x": 910,
						"y": 440,
						"size": 45,
						"force_invisibility_rules": [  ]
					}
				]
			},
			//Sabera Reward
			{
				"name": "Sabera's Fortress: Sabera1",
				"access_rules": [
					"$negate|flag_wm, $canMaybeKillVampire2, [$canKillVampire2], $canMaybeKillSabera1, [$canKillSabera1]",
					"flag_wm, d_sabera2, $canMaybeKillSabera1, [$canKillSabera1]",
					"flag_wm, $canKillVampire2, $canMaybeKillSabera1, [$canKillSabera1]"

				],
				"sections": [
					{
						"name": "Sabera Reward",
						"item_count": 1,
						"hosted_item": "sabera1_cleared"
					}
				],
				"map_locations": [
					{
						"map": "map_saberas_fortress",
						"x": 546,
						"y": 250
					},
					{
						"map": "map_overworld",
						"x": 960,
						"y": 440,
						"size": 45,
						"force_invisibility_rules": [  ]
					}
				]
			},
			//Fruit of Power
			{
				"name": "Sabera's Fortress: Fruit of Power",
				"access_rules": [
					"$negate|flag_wm",
					"flag_wm, d_sabera1",
					"flag_wm, $canKillVampire2"
				],
				"sections": [
					{
						"name": "Fruit of Power",
						"item_count": 1
					}
				],
				"map_locations": [
					{
						"map": "map_saberas_fortress",
						"x": 82,
						"y": 470,
						"force_invisibility_rules": [ "flag_eu" ]
					},
					{
						"map": "map_overworld",
						"x": 1010,
						"y": 440,
						"size": 45,
						"force_invisibility_rules": [ "flag_eu" ]
					}
				]
			},
			//Medical Herb
			{
				"name": "Sabera's Fortress: Medical Herb",
				"access_rules": [
					"$negate|flag_wm, $canMaybeKillVampire2, [$canKillVampire2]",
					"flag_wm, d_sabera2",
					"flag_wm, $canKillVampire2"
				],
				"sections": [
					{
						"name": "Medical Herb",
						"item_count": 1
					}
				],
				"map_locations": [
					{
						"map": "map_saberas_fortress",
						"x": 460,
						"y": 110,
						"force_invisibility_rules": [ "flag_eu" ]
					},
					{
						"map": "map_overworld",
						"x": 1060,
						"y": 440,
						"size": 45,
						"force_invisibility_rules": [ "flag_eu" ]
					}
				]
			},
			//Door Locations
			{
				"name": "Sabera's Fortress",
				"access_rules": ["$negate|d_sabera1_blocked"],
				"sections": [
					{
						"name": "Left Side Stairs",
						"item_count": 0,
						"hosted_item": "d_sabera1",
					}
				],
				"map_locations": [
					{
						"map": "map_saberas_fortress",
						"x": 250,
						"y": 200,
						"force_invisibility_rules": [
							"$negate|flag_wm",
							"$canKillVampire2"
						]
					}
				]
			},
			{
				"name": "Sabera's Fortress",
				"access_rules": ["$negate|d_sabera2_blocked"],
				"sections": [
					{
						"name": "Right Side Stairs",
						"item_count": 0,
						"hosted_item": "d_sabera2",
					}
				],
				"map_locations": [
					{
						"map": "map_saberas_fortress",
						"x": 405,
						"y": 420,
						"force_invisibility_rules": [
							"$negate|flag_wm",
							"$canKillVampire2"
						]
					}
				]
			},
		]
	}
]