[
	{
		//Sabera's Fortress
		"name": "Sabera's Fortress",
		"access_rules": ["$canMaybeReach|zombie, [$canReach|zombie]"],
		"children": [
			//Overview with consumables
			{
				"name": "Sabera's Fortress",
				"access_rules": ["[$canKillSabera1]"],
				"sections": [
					{
						"name": "Sabera's Fortress Items",
						"item_count": 4,
						"clear_as_group": "false"
					}
				],
				"map_locations": [
					{
						"map": "map_overworld",
						"x": 910,
						"y": 440,
						"size": 90,
						"force_invisibility_rules": ["flag_eu"]
					}
				],
			},
			//Overview without consumables
			{
				"name": "Sabera's Fortress",
				"access_rules": ["[$canKillSabera1]"],
				"sections": [
					{
						"name": "Sabera's Fortress Items",
						"item_count": 2,
						"clear_as_group": "false"
					}
				],
				"map_locations": [
					{
						"map": "map_overworld",
						"x": 910,
						"y": 440,
						"size": 90,
						"force_invisibility_rules": ["$negate|flag_eu"]
					}
				],
			},
			//Vampire Reward
			{
				"name": "Sabera's Fortress",
				"access_rules": ["$canMaybeKillVampire2, [$canKillVampire2]"],
				"sections": [
					{
						"name": "Vampire Reward",
						"item_count": 1,
						"hosted_item": "vampire_cleared"
					}
				],
				"map_locations": [
					{
						"map": "map_saberas_fortress",
						"x": 405,
						"y": 450
					}
				]
			},
			//Sabera Reward
			{
				"name": "Sabera's Fortress",
				"access_rules": ["$canMaybeKillVampire2, [$canKillVampire2], $canMaybeKillSabera1, [$canKillSabera1]"],
				"sections": [
					{
						"name": "Sabera Reward",
						"item_count": 1,
						"hosted_item": "sabera1_cleared"
					}
				],
				"map_locations": [
					{
						"map": "map_saberas_fortress",
						"x": 546,
						"y": 250
					}
				]
			},
			//Fruit of Power
			{
				"name": "Sabera's Fortress",
				"access_rules": [""],
				"sections": [
					{
						"name": "Fruit of Power",
						"item_count": 1
					}
				],
				"map_locations": [
					{
						"map": "map_saberas_fortress",
						"x": 82,
						"y": 470,
						"force_invisibility_rules": ["flag_eu"]
					}
				]
			},
			//Medical Herb
			{
				"name": "Sabera's Fortress",
				"access_rules": ["$canMaybeKillVampire2, [$canKillVampire2]"],
				"sections": [
					{
						"name": "Medical Herb",
						"item_count": 1
					}
				],
				"map_locations": [
					{
						"map": "map_saberas_fortress",
						"x": 460,
						"y": 110,
						"force_invisibility_rules": ["flag_eu"]
					}
				]
			},
		]
	}
]