﻿[
	{
		//Mt. Sabre North
		"name": "Mt. Sabre North",
		"access_rules": ["$canMaybeAccessSabreNorth, [$canAccessSabreNorth]"],
		"children": [
			//Overview with consumables
			{
				"name": "Mt. Sabre North",
				"access_rules": [
					"$canMaybeBreakSabreNorthWalls, [$canBreakSabreNorthWalls], [$canKillKelbesque1], [$hasKeyToPrison]",
					"[$canBreakSabreNorthWalls], $canMaybeKillKelbesque1, [$canKillKelbesque1], flight, [$hasKeyToPrison]",
					"[$canBreakSabreNorthWalls], $canMaybeKillKelbesque1, [$canKillKelbesque1], $canTriggerSkip, [$hasKeyToPrison]"
				],
				"sections": [
					{
						"name": "Mt. Sabre North Items",
						"item_count": 5,
						"clear_as_group": "false"
					}
				],
				"map_locations": [
					{
						"map": "map_overworld",
						"x": 795,
						"y": 875,
						"size": 90,
						"force_invisibility_rules": ["flag_eu"]
					}
				],
			},
			//Overview without consumables
			{
				"name": "Mt. Sabre North",
				"access_rules": [
					"$canMaybeAccessSabreNorth, [$canAccessSabreNorth], $canMaybeBreakSabreNorthWalls, [$canBreakSabreNorthWalls], [$canKillKelbesque1], [$hasKeyToPrison]",
					"$canMaybeAccessSabreNorth, [$canAccessSabreNorth], [$canBreakSabreNorthWalls], $canMaybeKillKelbesque1, [$canKillKelbesque1], flight, [$hasKeyToPrison]"
				],
				"sections": [
					{
						"name": "Mt. Sabre North Items",
						"item_count": 3,
						"clear_as_group": "false"
					}
				],
				"map_locations": [
					{
						"map": "map_overworld",
						"x": 795,
						"y": 875,
						"size": 90,
						"force_invisibility_rules": ["$negate|flag_eu"]
					}
				],
			},
			//Antidote
			{
				"name": "Mt. Sabre North",
				"access_rules": [
					"$canMaybeAccessSabreNorthFront, [$canAccessSabreNorthFront], $canMaybeBreakSabreNorthWalls, [$canBreakSabreNorthWalls]",
					"$canMaybeAccessSabreNorthBack, [$canAccessSabreNorthBack], $canMaybeKillKelbesque1, [$canKillKelbesque1]"
				],
				"sections": [
					{
						"name": "Antidote",
						"item_count": 1
					}
				],
				"map_locations": [
					{
						"map": "map_sabre_north",
						"x": 250,
						"y": 500,
						"force_invisibility_rules": ["flag_eu"]
					}
				]
			},
			//Medical Herb
			{
				"name": "Mt. Sabre North",
				"access_rules": [
					"$canMaybeAccessSabreNorthFront, [$canAccessSabreNorthFront], $canMaybeBreakSabreNorthWalls, [$canBreakSabreNorthWalls]",
					"$canMaybeAccessSabreNorthBack, [$canAccessSabreNorthBack], $canMaybeKillKelbesque1, [$canKillKelbesque1]"
				],
				"sections": [
					{
						"name": "Medical Herb",
						"item_count": 1
					}
				],
				"map_locations": [
					{
						"map": "map_sabre_north",
						"x": 380,
						"y": 280,
						"force_invisibility_rules": ["flag_eu"]
					}
				]
			},
			//Key to Prison
			{
				"name": "Mt. Sabre North",
				"access_rules": [
					"$canMaybeAccessSabreNorthFront, [$canAccessSabreNorthFront], $canMaybeBreakSabreNorthWalls, [$canBreakSabreNorthWalls]",
					"$canMaybeAccessSabreNorthBack, [$canAccessSabreNorthBack], $canMaybeKillKelbesque1, [$canKillKelbesque1]"
				],
				"sections": [
					{
						"name": "Key to Prison",
						"item_count": 1
					}
				],
				"map_locations": [
					{
						"map": "map_sabre_north",
						"x": 638,
						"y": 130
					}
				]
			},
			//Kelbesque 1 Reward
			{
				"name": "Mt. Sabre North",
				"access_rules": [
					"$canMaybeAccessSabreNorthFront, [$canAccessSabreNorthFront], $canMaybeBreakSabreNorthWalls, [$canBreakSabreNorthWalls], $canMaybeKillKelbesque1, [$canKillKelbesque1]",
					"$canMaybeAccessSabreNorthFront, [$canAccessSabreNorthFront], flight, $canMaybeKillKelbesque1, [$canKillKelbesque1]",
					"$canMaybeAccessSabreNorthFront, [$canAccessSabreNorthFront], $canTriggerSkip, $canMaybeKillKelbesque1, [$canKillKelbesque1]",
					"$canMaybeAccessSabreNorthBack, [$canAccessSabreNorthBack], $canMaybeKillKelbesque1, [$canKillKelbesque1]"
				],
				"sections": [
					{
						"name": "Kelbesque 1 Reward",
						"item_count": 1,
						"hosted_item": "kelbesque1_cleared"
					}
				],
				"map_locations": [
					{
						"map": "map_sabre_north",
						"x": 500,
						"y": 205
					}
				]
			},
			//Prison Break Reward
			{
				"name": "Mt. Sabre North",
				"access_rules": [
					"$canMaybeAccessSabreNorthFront, [$canAccessSabreNorthFront], $canMaybeBreakSabreNorthWalls, [$canBreakSabreNorthWalls], $canMaybeKillKelbesque1, [$canKillKelbesque1], $maybeHasKeyToPrison, [$hasKeyToPrison]",
					"$canMaybeAccessSabreNorthFront, [$canAccessSabreNorthFront], flight, $canMaybeKillKelbesque1, [$canKillKelbesque1], $maybeHasKeyToPrison, [$hasKeyToPrison]",
					"$canMaybeAccessSabreNorthFront, [$canAccessSabreNorthFront], $canTriggerSkip, $canMaybeKillKelbesque1, [$canKillKelbesque1], $maybeHasKeyToPrison, [$hasKeyToPrison]",
					"$canMaybeAccessSabreNorthBack, [$canAccessSabreNorthBack], $canMaybeKillKelbesque1, [$canKillKelbesque1]"
				],
				"sections": [
					{
						"name": "Prison Break Reward",
						"item_count": 1
					}
				],
				"map_locations": [
					{
						"map": "map_sabre_north",
						"x": 430,
						"y": 110
					}
				]
			},
		]
	}
]