[
	{
		//Styx
		"name": "Styx",
		"access_rules": ["$canMaybeReach|goa, [$canReach|goa], $canCrossRivers, $maybeHasKeyToStyx, [$hasKeyToStyx], $canBypassBarriers"],
		"children": [
			//Overview with mimics
			{
				"name": "Styx",
				"access_rules": ["[flight]"],
				"sections": [
					{
						"name": "Styx Items",
						"item_count": 6,
						"clear_as_group": "false"
					},
				],
				"map_locations": [
					{
						"map": "map_overworld",
						"x": 85,
						"y": 70,
						"size": 90,
						"force_invisibility_rules": ["flag_et", "flag_eu"]
					}
				],
			},
			//Overview without mimics
			{
				"name": "Styx",
				"access_rules": ["[flight]"],
				"sections": [
					{
						"name": "Styx Items",
						"item_count": 3,
						"clear_as_group": "false"
					},
				],
				"map_locations": [
					{
						"map": "map_overworld",
						"x": 85,
						"y": 70,
						"size": 90,
						"force_invisibility_rules": ["$negate|flag_et", "flag_eu"]
					}
				],
			},
			//Overview without consumables
			{
				"name": "Styx",
				"access_rules": ["[flight]"],
				"sections": [
					{
						"name": "Styx Items",
						"item_count": 2,
						"clear_as_group": "false"
					},
				],
				"map_locations": [
					{
						"map": "map_overworld",
						"x": 85,
						"y": 70,
						"size": 90,
						"force_invisibility_rules": ["$negate|flag_eu"]
					}
				],
			},
			//Mimic 1
			{
				"name": "Styx",
				"access_rules": [""],
				"sections": [
					{
						"name": "Mimic 1",
						"item_count": 1,
						"clear_as_group": "false"
					}
				],
				"map_locations": [
					{
						"map": "map_styx",
						"x": 95,
						"y": 20,
						"force_invisibility_rules": ["flag_et", "flag_eu"]
					}
				],
			},
			//Mimic 2
			{
				"name": "Styx",
				"access_rules": ["flight"],
				"sections": [
					{
						"name": "Mimic 2",
						"item_count": 1,
						"clear_as_group": "false"
					}
				],
				"map_locations": [
					{
						"map": "map_styx",
						"x": 275,
						"y": 150,
						"force_invisibility_rules": ["flag_et", "flag_eu"]
					}
				],
			},
			//Mimic 3
			{
				"name": "Styx",
				"access_rules": ["flight"],
				"sections": [
					{
						"name": "Mimic 3",
						"item_count": 1,
						"clear_as_group": "false"
					}
				],
				"map_locations": [
					{
						"map": "map_styx",
						"x": 200,
						"y": 230,
						"force_invisibility_rules": ["flag_et", "flag_eu"]
					}
				],
			},
			//Medical Herb
			{
				"name": "Styx",
				"access_rules": ["$canCrossRivers"],
				"sections": [
					{
						"name": "Medical Herb",
						"item_count": 1,
						"clear_as_group": "false"
					}
				],
				"map_locations": [
					{
						"map": "map_styx",
						"x": 120,
						"y": 230,
						"force_invisibility_rules": ["flag_eu"]
					}
				],
			},
			//Sword of Thunder
			{
				"name": "Styx",
				"access_rules": ["$canCrossRivers"],
				"sections": [
					{
						"name": "Sword of Thunder",
						"item_count": 1,
						"clear_as_group": "false"
					}
				],
				"map_locations": [
					{
						"map": "map_styx",
						"x": 500,
						"y": 100
					}
				],
			},
			//Psycho Shield
			{
				"name": "Styx",
				"access_rules": ["flight"],
				"sections": [
					{
						"name": "Psycho Shield",
						"item_count": 1,
						"clear_as_group": "false"
					}
				],
				"map_locations": [
					{
						"map": "map_styx",
						"x": 250,
						"y": 175
					}
				],
			},
		]
	}
]