{
	"weapons": {
		"type": "itemgrid",
		"h_alignment": "center",
		"background": "#202a33",
		"item_size": 40,
		"item_margin": "4,4",
		"rows": [
			[
				"wind",
				"fire",
				"water",
				"thunder"
			],
			[
				"windball",
				"fireball",
				"waterball",
				"thunderball"
			],
			[
				"windbracelet",
				"firebracelet",
				"waterbracelet",
				"thunderbracelet"
			]
		]
	},

	"worn_items": {
		"type": "itemgrid",
		"h_alignment": "center",
		"background": "#202a33",
		"item_size": 40,
		"item_margin": "4,4",
		"rows": [
			[
				"gas",
				"power",
				"warrior",
				"iron"
			],
			[
				"deo",
				"rabbit",
				"speed",
				"shield"
			]
		]
	},
  
	"magic": {
		"type": "itemgrid",
		"h_alignment": "center",
		"background": "#202a33",
		"item_size": 40,
		"item_margin": "4,4",
		"rows": [
			[
				"refresh",
				"paralysis",
				"telepathy",
				"teleport"
			],
			[
				"recover",
				"barrier",
				"change",
				"flight"
			]
		]
	},
  
	"bows": {
		"type": "itemgrid",
		"h_alignment": "center",
		"background": "#202a33",
		"item_size": 40,
		"item_margin": "4,4",
		"rows": [
			[
				"moon",
				"sun",
				"truth"
			]
		]
	},
  
	"event_items": {
		"type": "itemgrid",
		"h_alignment": "center",
		"background": "#202a33",
		"item_size": 40,
		"item_margin": "4,4",
		"rows": [
			[
				"redkey",
				"bluekey",
				"greenkey"
			],
			[
				"grayflute",
				"greenflute",
				"blueflute"
			],
			[
				"redflute",
				"bluelamp",
				"graylamp"
			],
			[
				"redstatue",
				"crackedstatue",
				"bluestatue"
			],
			[
				"graystatue",
				"kirisa",
				"love"
			],
			[
				"eyeglasses",
				"gomode",
				"opel"
			]
		]
	},
  
	"garbage": {
		"type": "itemgrid",
		"h_alignment": "right",
		"background": "#202a33",
		"item_size": 40,
		"item_margin": "4,4",
		"rows": []
	},
  
  "tracker_left": {
	"type": "array",
	"orientation": "vertical",
	"background": "#202a33",
	"style": "stack",
	"content": [
		{
			"type": "layout",
			"dropshadow": false,
			"margin": 0,
			"key": "weapons"
		},
		{
			"type": "layout",
			"dropshadow": false,
			"margin": 0,
			"key": "worn_items"
		},
		{
			"type": "layout",
			"dropshadow": false,
			"margin": 0,
			"key": "magic"
		}					
	]
  },

  "tracker_right": {
	"type": "array",
	"orientation": "vertical",
	"background": "#202a33",
	"style": "stack",
	"content": [
		{
			"type": "layout",
			"dropshadow": false,
			"margin": 0,
			"key": "bows"
		},
		{
			"type": "layout",
			"dropshadow": false,
			"margin": 0,
			"key": "event_items"
		},
	]
  },
  
  "tracker_items": {
	"type": "array",
	"orientation": "horizontal",
	"background": "#202a33",
	"style": "wrap",
	"content": [
		{
			"type": "layout",
			"dropshadow": false,
			"margin": 0,
			"key": "tracker_left"
		},
		{
			"type": "layout",
			"dropshadow": false,
			"margin": 0,
			"key": "tracker_right"
		}				
	]
  },
  
  "tracker_visible_walls": {
	"type": "group",
	"margin": 0,
	"header": "Visible Walls",
	"header_background": "#ff000000",
	"content": [
		{
			"type": "itemgrid",
			"margin": 0,
			"item_margin": 2,
			"item_size": 40,
			"rows": [
				["zcw","ecw","scw","msww"],
				["msnw","wcw","flcw","kpcw"],
				["","esiw","mhw",""],
			],
		},
	]
  },
  
  "tracker_steel_walls": {
	"type": "group",
	"margin": 0,
	"header": "Steel Walls",
	"header_background": "#ff000000",
	"content": [
		{
			"type": "itemgrid",
			"margin": 0,
			"item_margin": 2,
			"item_size": 40,
			"rows": [
				["goa_entrance_wall_cleared","goa_sabera_item_wall_cleared","goa_sabera_boss_wall_cleared","goa_mado_wall_cleared"],
				["","goa_karmine_wall_cleared","goa_basement_wall_cleared",""],
			],
		},
	]
  },
  
  "tracker_bosses": {
	"type": "group",
	"header": "Bosses",
	"header_background": "#ff000000",
	"margin": 0,
	"content": [
		{
			"type": "itemgrid",
			"margin": 0,
			"item_margin": 2,
			"item_size": 40,
			"rows": [
				["kelbesque1","mado1"],
				["kelbesque2","mado2"],
				["sabera1","karmine"],
				["sabera2","giantinsect"]
			],
		},
	]
  },
  
  "tracker_goa_floors": {
	"type": "group",
	"header": "Goa Floors",
	"header_background": "#ff000000",
	"margin": 0,
	"content": [
		{
			"type": "itemgrid",
			"margin": 0,
			"item_margin": 2,
			"item_size": 40,
			"rows": [
				["goa1st","goa2nd","goa3rd","goa4th"],
			],
		},
	]
  },
  
  "tracker_misc": {
	"type": "group",
	"header": "Miscellaneous",
	"header_background": "#ff000000",
	"margin": 0,
	"content": [
		{
			"type": "itemgrid",
			"margin": 0,
			"item_margin": 2,
			"item_size": 40,
			"rows": [
				["eastfreebrynmaer","eastwallbrynmaer",],
				["tornelwind","ragewind"],
			],
		},
	]
  },
  
  "tracker_walls_bosses_and_misc": {
	"type": "array",
	"orientation": "horizontal",
	"background": "#203040",
	"style": "wrap",
	"v_alignment": "top",
	"width": 356,
	"height": 366,
	"margin": 0,
	"content": [
		{
			"type": "array",
			"orientation": "vertical",
			"style": "stack",
			"content": [
				{
					"type": "layout",
					"dropshadow": false,
					"margin": 0,
					"key": "tracker_visible_walls"
				},
				{
					"type": "layout",
					"dropshadow": false,
					"margin": 0,
					"key": "tracker_steel_walls"
				},
				{
					"type": "layout",
					"dropshadow": false,
					"margin": 0,
					"key": "tracker_goa_floors"
				},
			],
		},
		{
			"type": "array",
			"orientation": "vertical",
			"style": "stack",
			"min_width": 70,
			"background": "#202a33",
		},
		{
			"type": "array",
			"orientation": "vertical",
			"style": "stack",
			"content": [
				{
					"type": "layout",
					"dropshadow": false,
					"margin": 0,
					"key": "tracker_bosses"
				},
				{
					"type": "array",
					"orientation": "horizontal",
					"style": "stack",
					"min_height": 30,
					"background": "#202a33",
				},
				{
					"type": "layout",
					"dropshadow": false,
					"margin": 0,
					"key": "tracker_misc"
				},
			],
		},
	]
  },
  
  "tracker_flags": {
	"type": "array",
	"orientation": "horizontal",
	"v_alignment": "top",
	"background": "#202a33",
	"min_width": 356,
	"min_height": 366,
	"content": [
		{
			"type": "itemgrid",
			"item_width": 68,
			"item_height": 32,
			"v_alignment": "center",
			"h_alignment": "center",
			"dropshadow": false,
			"margin": 11,
			"rows": [
				[ "flag_gf", "flag_wm", "flag_me", "flag_nw" ],
				[ "flag_gs", "flag_wh", "flag_ro", "flag_ns" ],
				[ "flag_gn", "flag_wt", "flag_rd", "flag_nb" ],
				[ "flag_gg", "flag_wu", "flag_et", "flag_ng" ],
				[ "flag_gc", "flag_we", "flag_eu", "flag_vm" ],
				[ "flag_gt", "flag_wg", "flag_er", "flag_vw" ],
				[ "flag_gr", "", "",  "flag_vb" ],
			]
		}
	]
  },
  
  "tracker_input": {
	"type": "tabbed",
	"tabs": [
		{
			"title": "Items",
			"content":
				{
					"type": "layout",
					"dropshadow": false,
					"margin": 0,
					"key": "tracker_items"
				}
		},
		{
			"title": "Walls/Bosses/Misc",
			"content":
				{
					"type": "layout",
					"dropshadow": false,
					"margin": 0,
					"key": "tracker_walls_bosses_and_misc"
				}
		},
		{
			"title": "Flags",
			"content": 
				{
					"type": "layout",
					"dropshadow": false,
					"margin": 0,
					"key": "tracker_flags"
				}
		}
	]
  },
}