[
	//Kelbesque 1
	{
		"name": "Kelbesque 1",
		"type": "progressive",
		"loop": true,
		"stages": [
			{
				"img": "images/bosses/kelbesque1.png",
				"codes": "kelbesque1, kelbesque1_cleared",
				"inherit_codes" : false
			},
			{
				"img": "images/bosses/kelbesque1tested.png",
				"codes": "kelbesque1, kelbesque1_tested",
				"inherit_codes" : false
			}
		]
	},
	//Kelbesque 2
	{
		"name": "Kelbesque 2",
		"type": "progressive",
		"loop": true,
		"stages": [
			{
				"img": "images/bosses/kelbesque2.png",
				"codes": "kelbesque2, kelbesque2_cleared",
				"inherit_codes" : false
			},
			{
				"img": "images/bosses/kelbesque2tested.png",
				"codes": "kelbesque2, kelbesque2_tested",
				"inherit_codes" : false
			}
		]
	},
	//Sabera 1
	{
		"name": "Sabera 1",
		"type": "progressive",
		"loop": true,
		"stages": [
			{
				"img": "images/bosses/sabera1.png",
				"codes": "sabera1, sabera1_cleared",
				"inherit_codes" : false
			},
			{
				"img": "images/bosses/sabera1tested.png",
				"codes": "sabera1, sabera1_tested",
				"inherit_codes" : false
			}
		]
	},
	//Sabera 2
	{
		"name": "Sabera 2",
		"type": "progressive",
		"loop": true,
		"stages": [
			{
				"img": "images/bosses/sabera2.png",
				"codes": "sabera2, sabera2_cleared",
				"inherit_codes" : false
			},
			{
				"img": "images/bosses/sabera2tested.png",
				"codes": "sabera2, sabera2_tested",
				"inherit_codes" : false
			}
		]
	},
	//Mado 1
	{
		"name": "Mado 1",
		"type": "progressive",
		"loop": true,
		"stages": [
			{
				"img": "images/bosses/mado1.png",
				"codes": "mado1, mado1_cleared",
				"inherit_codes" : false
			},
			{
				"img": "images/bosses/mado1tested.png",
				"codes": "mado1, mado1_tested",
				"inherit_codes" : false
			}
		]
	},
	//Mado 2
	{
		"name": "Mado 2",
		"type": "progressive",
		"loop": true,
		"stages": [
			{
				"img": "images/bosses/mado2.png",
				"codes": "mado2, mado2_cleared",
				"inherit_codes" : false
			},
			{
				"img": "images/bosses/mado2tested.png",
				"codes": "mado2, mado2_tested",
				"inherit_codes" : false
			}
		]
	},
	//Karmine
	{
		"name": "Karmine",
		"type": "progressive",
		"loop": true,
		"stages": [
			{
				"img": "images/bosses/karmine.png",
				"codes": "karmine, karmine_cleared",
				"inherit_codes" : false
			},
			{
				"img": "images/bosses/karminetested.png",
				"codes": "karmine, karmine_tested",
				"inherit_codes" : false
			}
		]
	},
	//Vampire 2
	{
		"name": "Vampire 2",
		"type": "progressive",
		"loop": true,
		"stages": [
			{
				"img": "images/bosses/vampire.png",
				"codes": "vampire, vampire_cleared",
				"inherit_codes" : false
			},
			{
				"img": "images/bosses/vampiretested.png",
				"codes": "vampire, vampire_tested",
				"inherit_codes" : false
			}
		]
	},
	//Giant Insect
	{
		"name": "Giant Insect",
		"type": "progressive",
		"loop": true,
		"stages": [
			{
				"img": "images/bosses/giantinsect.png",
				"codes": "giantinsect, giantinsect_cleared",
				"inherit_codes" : false
			},
			{
				"img": "images/bosses/giantinsecttested.png",
				"codes": "giantinsect, giantinsect_tested",
				"inherit_codes" : false
			}
		]
	},
]