[
	//East Cave Free Entrance
	{
		"name": "East Cave Free Entrance",
		"type": "progressive",
		"disabled_img": "images/east_cave/freeblank.png",
		"loop": true,
		"stages": [
			{
				"img": "images/east_cave/freebryn.png",
				"codes": "eastfreebrynmaer",
				"inherit_codes" : false
			},
			{
				"img": "images/east_cave/freeport.png",
				"codes": "eastfreeportoa",
				"inherit_codes" : false
			},
			{
				"img": "images/east_cave/freegoa.png",
				"codes": "eastfreegoa",
				"inherit_codes" : false
			},
			{
				"img": "images/east_cave/freesaha.png",
				"codes": "eastfreesahara",
				"inherit_codes" : false
			}
		]
	},
	//East Cave Walled Entrance
	{
		"name": "East Cave Walled Entrance",
		"type": "progressive",
		"disabled_img": "images/east_cave/wallblank.png",
		"loop": true,
		"stages": [
			{
				"img": "images/east_cave/wallbryn.png",
				"codes": "eastwallbrynmaer",
				"inherit_codes" : false
			},
			{
				"img": "images/east_cave/wallport.png",
				"codes": "eastwallportoa",
				"inherit_codes" : false
			},
			{
				"img": "images/east_cave/wallgoa.png",
				"codes": "eastwallgoa",
				"inherit_codes" : false
			},
			{
				"img": "images/east_cave/wallsaha.png",
				"codes": "eastwallsahara",
				"inherit_codes" : false
			}
		]
	},
]