[
	// (Wm) Randomize Maps
	{
		"name": "Randomize Maps",
		"type": "toggle",
		"img": "images/flags/not implemented.png",
		"disabled_img": "images/flags/Wm.png",
		"loop": true,
		"codes": "flag_wm"
    },
	
	// (Wh) Randomize Houses
	{
		"name": "Randomize Houses",
		"type": "toggle",
		"img": "images/flags/not implemented.png",
		"disabled_img": "images/flags/Wh.png",
		"loop": true,
		"codes": "flag_wh"
    },
	
	// (Wt) Randomize trade-in items
	{
		"name": "Randomize Trade-In Items",
		"type": "toggle",
		"img": "images/flags/Wt.png",
		"loop": true,
		"codes": "flag_wt"
    },
	
	// (Wu) Unidentified key items
	{
		"name": "Unidentified Key Items",
		"type": "toggle",
		"img": "images/flags/Wu.png",
		"loop": true,
		"codes": "flag_wu"
    },
	
	// (We) Randomize elements to break walls
	{
		"name": "Randomize Elements to Break Walls",
		"type": "toggle",
		"img": "images/flags/We.png",
		"loop": true,
		"codes": "flag_we"
    },
	
	// (Wg) Shuffle Goa fortress floors
	{
		"name": "Shuffle Goa Fortress Floors",
		"type": "toggle",
		"img": "images/flags/Wg.png",
		"loop": true,
		"codes": "flag_wg"
    },
	
	// (Me) Randomize monster weaknesses
	{
		"name": "Randomize Monster Weaknesses",
		"type": "toggle",
		"img": "images/flags/Me.png",
		"loop": true,
		"codes": "flag_me"
    },
	
	// (Ro) Orbs not required to break walls
	{
		"name": "Orbs Not Required to Break Walls",
		"type": "toggle",
		"img": "images/flags/Ro.png",
		"loop": true,
		"codes": "flag_ro"
    },
	
	// (Rd) Vanilla Dolphin Interactions
	{
		"name": "Vanilla Dolphin Interactions",
		"type": "toggle",
		"img": "images/flags/Rd.png",
		"loop": true,
		"codes": "flag_rd"
    },
	
	// (Gf) Ghetto flight
	{
		"name": "Ghetto Flight",
		"type": "toggle",
		"img": "images/flags/Gf.png",
		"loop": true,
		"codes": "flag_gf"
    },
	
	// (Gs) Statue glitch
	{
		"name": "Statue Glitch",
		"type": "toggle",
		"img": "images/flags/Gs.png",
		"loop": true,
		"codes": "flag_gs"
    },
	
	// (Gn) Mt Saber requirements skip
	{
		"name": "Mt. Sabre Requirements Skip",
		"type": "toggle",
		"img": "images/flags/Gn.png",
		"loop": true,
		"codes": "flag_gn"
    },
	
	// (Gg) Statue gauntlet skip
	{
		"name": "Statue Gauntlet Skip",
		"type": "toggle",
		"img": "images/flags/Gg.png",
		"loop": true,
		"codes": "flag_gg"
    },
	
	// (Gc) Sword charge glitch
	{
		"name": "Sword Charge Glitch",
		"type": "toggle",
		"img": "images/flags/Gc.png",
		"loop": true,
		"codes": "flag_gc"
    },
	
	// (Gt) Trigger skip
	{
		"name": "Trigger Skip",
		"type": "toggle",
		"img": "images/flags/Gt.png",
		"loop": true,
		"codes": "flag_gt"
    },
	
	// (Gr) Rage skip
	{
		"name": "Rage Skip",
		"type": "toggle",
		"img": "images/flags/Gr.png",
		"loop": true,
		"codes": "flag_gr"
    },
	
	// (Et) Don't shuffle mimics
	{
		"name": "Don't Shuffle Mimics",
		"type": "toggle",
		"img": "images/flags/Et.png",
		"loop": true,
		"codes": "flag_et"
    },
	
	// (Eu) Keep unique items and consumables separate
	{
		"name": "Keep Unique Items and Consumables Separate",
		"type": "toggle",
		"img": "images/flags/Eu.png",
		"loop": true,
		"codes": "flag_eu"
    },
	
	// (Er) Guarantee Refresh
	{
		"name": "Guarantee Refresh",
		"type": "toggle",
		"img": "images/flags/Er.png",
		"loop": true,
		"codes": "flag_er"
    },
	
	// (Nw) Battle magic not guaranteed
	{
		"name": "Battle Magic Not Guaranteed",
		"type": "toggle",
		"img": "images/flags/Nw.png",
		"loop": true,
		"codes": "flag_nw"
    },
	
	// (Ns) Matching sword not guaranteed
	{
		"name": "Matching Sword Not Guaranteed",
		"type": "toggle",
		"img": "images/flags/Ns.png",
		"loop": true,
		"codes": "flag_ns"
    },
	
	// (Nb) Barrier not guaranteed
	{
		"name": "Barrier Not Guaranteed",
		"type": "toggle",
		"img": "images/flags/Nb.png",
		"loop": true,
		"codes": "flag_nb"
    },
	
	// (Ng) Gas mask not guaranteed
	{
		"name": "Gas Mask Not Guaranteed",
		"type": "toggle",
		"img": "images/flags/Ng.png",
		"loop": true,
		"codes": "flag_ng"
    },
	
	// (Vm) Vanilla maps
	{
		"name": "Vanilla Maps",
		"type": "progressive",
		"stages": [
			{
				"img": "images/flags/Vm.png",
				"codes": "flag_vm",
				"inherit_codes" : false
			},
			{
				"img": "images/flags/Vbangm.png",
				"codes": "flag_vbangm",
				"inherit_codes" : false
			}
		],
		"loop": true
    },
	
	// (Vw) Vanilla wild warp
	{
		"name": "Vanilla Wild Warp",
		"type": "toggle",
		"img": "images/flags/Vw.png",
		"loop": true,
		"codes": "flag_vw"
    },
	
	// (Vb) Don't buff bonus items
	{
		"name": "Vanilla Bonus Items",
		"type": "toggle",
		"img": "images/flags/Vb.png",
		"loop": true,
		"codes": "flag_vb"
	},
]